X,CH1,CH2,Start,Increment,
Sequence,Volt,Volt,-6.000000e-03,2.000000e-05,
0,1.312500e+00,1.250000e+00,
1,1.500000e+00,1.625000e+00,
2,1.500000e+00,1.562500e+00,
3,1.312500e+00,1.312500e+00,
4,1.312500e+00,1.312500e+00,
5,1.562500e+00,1.687500e+00,
6,1.375000e+00,1.312500e+00,
7,1.562500e+00,1.687500e+00,
8,1.375000e+00,1.312500e+00,
9,1.625000e+00,1.750000e+00,
10,1.437500e+00,1.625000e+00,
11,1.625000e+00,1.375000e+00,
12,1.625000e+00,1.375000e+00,
13,1.437500e+00,1.750000e+00,
14,1.687500e+00,1.375000e+00,
15,1.437500e+00,1.750000e+00,
16,1.500000e+00,1.437500e+00,
17,1.687500e+00,1.812500e+00,
18,1.687500e+00,1.687500e+00,
19,1.500000e+00,1.437500e+00,
20,1.500000e+00,1.812500e+00,
21,1.750000e+00,1.437500e+00,
22,1.750000e+00,1.500000e+00,
23,1.562500e+00,1.812500e+00,
24,1.562500e+00,1.437500e+00,
25,1.812500e+00,1.875000e+00,
26,1.625000e+00,1.500000e+00,
27,1.812500e+00,1.875000e+00,
28,1.812500e+00,1.375000e+00,
29,1.562500e+00,1.875000e+00,
30,1.875000e+00,1.437500e+00,
31,1.625000e+00,1.875000e+00,
32,1.687500e+00,1.500000e+00,
33,1.875000e+00,1.937500e+00,
34,1.875000e+00,1.812500e+00,
35,1.687500e+00,1.562500e+00,
36,1.937500e+00,1.437500e+00,
37,1.687500e+00,1.937500e+00,
38,1.750000e+00,1.812500e+00,
39,1.937500e+00,1.562500e+00,
40,1.937500e+00,1.937500e+00,
41,1.750000e+00,1.500000e+00,
42,1.812500e+00,1.562500e+00,
43,1.937500e+00,1.937500e+00,
44,1.812500e+00,1.562500e+00,
45,2.000000e+00,1.937500e+00,
46,2.000000e+00,1.500000e+00,
47,1.812500e+00,1.937500e+00,
48,2.062500e+00,1.500000e+00,
49,1.812500e+00,2.000000e+00,
50,1.875000e+00,1.812500e+00,
51,2.062500e+00,1.562500e+00,
52,2.062500e+00,1.562500e+00,
53,1.875000e+00,2.000000e+00,
54,1.937500e+00,1.562500e+00,
55,2.125000e+00,1.875000e+00,
56,1.937500e+00,1.562500e+00,
57,2.125000e+00,1.875000e+00,
58,2.125000e+00,1.875000e+00,
59,1.937500e+00,1.562500e+00,
60,2.187500e+00,1.562500e+00,
61,1.937500e+00,2.000000e+00,
62,2.000000e+00,1.875000e+00,
63,2.187500e+00,1.562500e+00,
64,2.187500e+00,1.562500e+00,
65,2.000000e+00,2.000000e+00,
66,2.062500e+00,1.875000e+00,
67,2.250000e+00,1.625000e+00,
68,2.062500e+00,1.562500e+00,
69,2.250000e+00,2.000000e+00,
70,2.062500e+00,1.562500e+00,
71,2.312500e+00,2.062500e+00,
72,2.125000e+00,1.875000e+00,
73,2.312500e+00,1.625000e+00,
74,2.125000e+00,1.875000e+00,
75,2.312500e+00,1.625000e+00,
76,2.312500e+00,1.625000e+00,
77,2.125000e+00,1.937500e+00,
78,2.187500e+00,1.625000e+00,
79,2.375000e+00,1.937500e+00,
80,2.187500e+00,1.625000e+00,
81,2.375000e+00,1.937500e+00,
82,2.437500e+00,1.625000e+00,
83,2.187500e+00,1.937500e+00,
84,2.437500e+00,1.500000e+00,
85,2.187500e+00,2.000000e+00,
86,2.437500e+00,1.875000e+00,
87,2.250000e+00,1.625000e+00,
88,2.500000e+00,1.625000e+00,
89,2.250000e+00,2.000000e+00,
90,2.312500e+00,1.875000e+00,
91,2.500000e+00,1.625000e+00,
92,2.500000e+00,1.875000e+00,
93,2.312500e+00,1.625000e+00,
94,2.375000e+00,1.875000e+00,
95,2.562500e+00,1.625000e+00,
96,2.375000e+00,1.875000e+00,
97,2.562500e+00,1.625000e+00,
98,2.437500e+00,1.687500e+00,
99,2.562500e+00,1.875000e+00,
100,2.437500e+00,1.875000e+00,
101,2.625000e+00,1.625000e+00,
102,2.437500e+00,1.687500e+00,
103,2.625000e+00,1.875000e+00,
104,2.687500e+00,1.625000e+00,
105,2.437500e+00,2.000000e+00,
106,2.625000e+00,1.687500e+00,
107,2.500000e+00,1.875000e+00,
108,2.500000e+00,1.875000e+00,
109,2.687500e+00,1.687500e+00,
110,2.687500e+00,1.625000e+00,
111,2.500000e+00,2.000000e+00,
112,2.562500e+00,1.937500e+00,
113,2.750000e+00,1.625000e+00,
114,2.562500e+00,1.937500e+00,
115,2.750000e+00,1.625000e+00,
116,2.750000e+00,1.562500e+00,
117,2.562500e+00,2.062500e+00,
118,2.625000e+00,1.937500e+00,
119,2.812500e+00,1.625000e+00,
120,2.625000e+00,1.625000e+00,
121,2.875000e+00,2.000000e+00,
122,2.812500e+00,1.937500e+00,
123,2.625000e+00,1.625000e+00,
124,2.687500e+00,1.625000e+00,
125,2.875000e+00,2.062500e+00,
126,2.687500e+00,1.937500e+00,
127,2.875000e+00,1.625000e+00,
128,2.875000e+00,1.937500e+00,
129,2.687500e+00,1.625000e+00,
130,2.687500e+00,1.625000e+00,
131,2.937500e+00,2.062500e+00,
132,2.750000e+00,1.937500e+00,
133,2.937500e+00,1.625000e+00,
134,2.937500e+00,1.937500e+00,
135,2.750000e+00,1.687500e+00,
136,2.812500e+00,1.937500e+00,
137,3.000000e+00,1.625000e+00,
138,2.812500e+00,1.937500e+00,
139,3.000000e+00,1.625000e+00,
140,3.000000e+00,1.625000e+00,
141,2.812500e+00,2.000000e+00,
142,2.875000e+00,1.687500e+00,
143,3.062500e+00,1.937500e+00,
144,2.875000e+00,1.937500e+00,
145,3.062500e+00,1.625000e+00,
146,2.875000e+00,1.625000e+00,
147,3.125000e+00,2.062500e+00,
148,2.937500e+00,2.000000e+00,
149,3.125000e+00,1.625000e+00,
150,2.937500e+00,1.937500e+00,
151,3.125000e+00,1.625000e+00,
152,3.125000e+00,1.687500e+00,
153,2.937500e+00,1.937500e+00,
154,3.000000e+00,2.000000e+00,
155,3.187500e+00,1.625000e+00,
156,3.000000e+00,1.687500e+00,
157,3.187500e+00,2.000000e+00,
158,3.062500e+00,1.937500e+00,
159,3.250000e+00,1.687500e+00,
160,3.062500e+00,1.687500e+00,
161,3.250000e+00,1.937500e+00,
162,3.062500e+00,1.625000e+00,
163,3.250000e+00,2.062500e+00,
164,3.125000e+00,1.937500e+00,
165,3.250000e+00,1.625000e+00,
166,3.125000e+00,1.625000e+00,
167,3.312500e+00,2.000000e+00,
168,3.125000e+00,1.937500e+00,
169,3.312500e+00,1.687500e+00,
170,3.187500e+00,1.937500e+00,
171,3.375000e+00,1.687500e+00,
172,3.187500e+00,1.937500e+00,
173,3.375000e+00,1.687500e+00,
174,3.187500e+00,1.937500e+00,
175,3.375000e+00,1.687500e+00,
176,3.187500e+00,1.625000e+00,
177,3.437500e+00,2.000000e+00,
178,3.250000e+00,1.937500e+00,
179,3.437500e+00,1.625000e+00,
180,3.437500e+00,1.937500e+00,
181,3.250000e+00,1.687500e+00,
182,3.250000e+00,1.687500e+00,
183,3.500000e+00,2.000000e+00,
184,3.312500e+00,1.687500e+00,
185,3.500000e+00,2.000000e+00,
186,3.312500e+00,1.625000e+00,
187,3.500000e+00,2.062500e+00,
188,3.375000e+00,1.687500e+00,
189,3.562500e+00,2.000000e+00,
190,3.375000e+00,1.687500e+00,
191,3.562500e+00,1.937500e+00,
192,3.562500e+00,1.937500e+00,
193,3.375000e+00,1.687500e+00,
194,3.437500e+00,1.687500e+00,
195,3.625000e+00,2.000000e+00,
196,3.437500e+00,1.937500e+00,
197,3.625000e+00,1.687500e+00,
198,3.437500e+00,2.000000e+00,
199,3.625000e+00,1.687500e+00,
200,3.437500e+00,1.625000e+00,
201,3.687500e+00,2.000000e+00,
202,3.687500e+00,1.625000e+00,
203,3.437500e+00,2.062500e+00,
204,3.500000e+00,2.000000e+00,
205,3.750000e+00,1.687500e+00,
206,3.812500e+00,1.562500e+00,
207,3.500000e+00,2.125000e+00,
208,3.562500e+00,1.937500e+00,
209,3.750000e+00,1.687500e+00,
210,3.750000e+00,2.000000e+00,
211,3.562500e+00,1.687500e+00,
212,3.625000e+00,1.687500e+00,
213,3.812500e+00,2.000000e+00,
214,3.625000e+00,1.937500e+00,
215,3.812500e+00,1.687500e+00,
216,3.625000e+00,1.687500e+00,
217,3.875000e+00,2.000000e+00,
218,3.625000e+00,2.000000e+00,
219,3.875000e+00,1.687500e+00,
220,3.687500e+00,1.937500e+00,
221,3.875000e+00,1.687500e+00,
222,3.687500e+00,1.625000e+00,
223,3.937500e+00,2.125000e+00,
224,3.750000e+00,1.687500e+00,
225,3.937500e+00,2.000000e+00,
226,3.750000e+00,1.625000e+00,
227,3.937500e+00,2.125000e+00,
228,3.750000e+00,1.687500e+00,
229,4.000000e+00,2.000000e+00,
230,3.812500e+00,1.687500e+00,
231,4.000000e+00,2.125000e+00,
232,3.812500e+00,1.687500e+00,
233,4.000000e+00,2.062500e+00,
234,4.000000e+00,2.000000e+00,
235,3.812500e+00,1.687500e+00,
236,3.875000e+00,1.937500e+00,
237,4.062500e+00,1.687500e+00,
238,3.875000e+00,2.000000e+00,
239,4.062500e+00,1.687500e+00,
240,3.875000e+00,1.687500e+00,
241,4.125000e+00,2.000000e+00,
242,4.062500e+00,1.687500e+00,
243,3.875000e+00,2.000000e+00,
244,3.937500e+00,2.000000e+00,
245,4.125000e+00,1.687500e+00,
246,3.937500e+00,1.625000e+00,
247,4.187500e+00,2.062500e+00,
248,4.000000e+00,2.000000e+00,
249,4.187500e+00,1.687500e+00,
250,4.000000e+00,1.687500e+00,
251,4.187500e+00,2.000000e+00,
252,4.000000e+00,1.687500e+00,
253,4.250000e+00,2.000000e+00,
254,4.187500e+00,1.937500e+00,
255,4.062500e+00,1.687500e+00,
256,4.062500e+00,1.687500e+00,
257,4.250000e+00,2.000000e+00,
258,4.062500e+00,2.000000e+00,
259,4.250000e+00,1.687500e+00,
260,4.125000e+00,1.937500e+00,
261,4.312500e+00,1.687500e+00,
262,4.125000e+00,1.687500e+00,
263,4.312500e+00,2.125000e+00,
264,4.125000e+00,1.687500e+00,
265,4.375000e+00,2.000000e+00,
266,4.187500e+00,1.937500e+00,
267,4.375000e+00,1.687500e+00,
268,4.187500e+00,2.000000e+00,
269,4.375000e+00,1.687500e+00,
270,4.187500e+00,1.937500e+00,
271,4.375000e+00,1.750000e+00,
272,4.250000e+00,1.750000e+00,
273,4.437500e+00,2.000000e+00,
274,4.250000e+00,1.687500e+00,
275,4.437500e+00,2.000000e+00,
276,4.437500e+00,1.937500e+00,
277,4.250000e+00,1.750000e+00,
278,4.312500e+00,2.000000e+00,
279,4.500000e+00,1.687500e+00,
280,4.500000e+00,1.750000e+00,
281,4.312500e+00,2.000000e+00,
282,4.500000e+00,1.687500e+00,
283,4.312500e+00,2.000000e+00,
284,4.375000e+00,1.687500e+00,
285,4.562500e+00,2.062500e+00,
286,4.375000e+00,1.687500e+00,
287,4.625000e+00,2.062500e+00,
288,4.375000e+00,1.937500e+00,
289,4.625000e+00,1.687500e+00,
290,4.375000e+00,1.687500e+00,
291,4.625000e+00,2.062500e+00,
292,4.625000e+00,1.625000e+00,
293,4.375000e+00,2.125000e+00,
294,4.437500e+00,1.687500e+00,
295,4.687500e+00,2.125000e+00,
296,4.500000e+00,2.000000e+00,
297,4.687500e+00,1.687500e+00,
298,4.500000e+00,1.687500e+00,
299,4.687500e+00,2.062500e+00,
300,4.687500e+00,2.062500e+00,
301,-5.187500e+00,-5.125000e+00,
302,-5.125000e+00,-4.875000e+00,
303,-4.875000e+00,-5.125000e+00,
304,-5.125000e+00,-5.125000e+00,
305,-4.875000e+00,-4.812500e+00,
306,-4.875000e+00,-5.062500e+00,
307,-5.062500e+00,-4.812500e+00,
308,-5.062500e+00,-5.125000e+00,
309,-4.812500e+00,-4.812500e+00,
310,-5.062500e+00,-5.125000e+00,
311,-4.812500e+00,-4.687500e+00,
312,-4.812500e+00,-5.062500e+00,
313,-5.062500e+00,-4.687500e+00,
314,-4.750000e+00,-5.062500e+00,
315,-5.000000e+00,-4.625000e+00,
316,-4.750000e+00,-5.000000e+00,
317,-4.937500e+00,-4.625000e+00,
318,-4.937500e+00,-4.625000e+00,
319,-4.687500e+00,-5.000000e+00,
320,-4.937500e+00,-4.937500e+00,
321,-4.687500e+00,-4.625000e+00,
322,-4.937500e+00,-5.000000e+00,
323,-4.625000e+00,-4.500000e+00,
324,-4.937500e+00,-4.937500e+00,
325,-4.625000e+00,-4.562500e+00,
326,-4.625000e+00,-4.937500e+00,
327,-4.875000e+00,-4.500000e+00,
328,-4.625000e+00,-4.875000e+00,
329,-4.812500e+00,-4.437500e+00,
330,-4.562500e+00,-4.875000e+00,
331,-4.812500e+00,-4.437500e+00,
332,-4.562500e+00,-4.875000e+00,
333,-4.812500e+00,-4.375000e+00,
334,-4.500000e+00,-4.875000e+00,
335,-4.812500e+00,-4.375000e+00,
336,-4.750000e+00,-4.812500e+00,
337,-4.500000e+00,-4.375000e+00,
338,-4.750000e+00,-4.812500e+00,
339,-4.437500e+00,-4.375000e+00,
340,-4.687500e+00,-4.750000e+00,
341,-4.437500e+00,-4.312500e+00,
342,-4.437500e+00,-4.750000e+00,
343,-4.687500e+00,-4.250000e+00,
344,-4.625000e+00,-4.625000e+00,
345,-4.375000e+00,-4.312500e+00,
346,-4.375000e+00,-4.687500e+00,
347,-4.625000e+00,-4.250000e+00,
348,-4.375000e+00,-4.687500e+00,
349,-4.625000e+00,-4.250000e+00,
350,-4.562500e+00,-4.625000e+00,
351,-4.312500e+00,-4.187500e+00,
352,-4.312500e+00,-4.625000e+00,
353,-4.562500e+00,-4.187500e+00,
354,-4.562500e+00,-4.625000e+00,
355,-4.250000e+00,-4.187500e+00,
356,-4.187500e+00,-4.125000e+00,
357,-4.562500e+00,-4.625000e+00,
358,-4.500000e+00,-4.500000e+00,
359,-4.250000e+00,-4.125000e+00,
360,-4.437500e+00,-4.437500e+00,
361,-4.187500e+00,-4.125000e+00,
362,-4.187500e+00,-4.500000e+00,
363,-4.500000e+00,-4.062500e+00,
364,-4.437500e+00,-4.500000e+00,
365,-4.125000e+00,-4.000000e+00,
366,-4.375000e+00,-4.437500e+00,
367,-4.125000e+00,-4.000000e+00,
368,-4.125000e+00,-4.437500e+00,
369,-4.375000e+00,-4.000000e+00,
370,-4.062500e+00,-4.375000e+00,
371,-4.375000e+00,-3.937500e+00,
372,-4.312500e+00,-4.375000e+00,
373,-4.062500e+00,-3.937500e+00,
374,-4.062500e+00,-4.375000e+00,
375,-4.312500e+00,-3.875000e+00,
376,-4.250000e+00,-4.000000e+00,
377,-4.000000e+00,-4.250000e+00,
378,-4.000000e+00,-4.312500e+00,
379,-4.250000e+00,-3.875000e+00,
380,-4.000000e+00,-4.312500e+00,
381,-4.250000e+00,-3.875000e+00,
382,-4.250000e+00,-4.250000e+00,
383,-3.937500e+00,-3.812500e+00,
384,-4.187500e+00,-4.250000e+00,
385,-3.937500e+00,-3.812500e+00,
386,-3.937500e+00,-4.250000e+00,
387,-4.187500e+00,-3.750000e+00,
388,-4.125000e+00,-4.187500e+00,
389,-3.875000e+00,-3.750000e+00,
390,-4.125000e+00,-4.125000e+00,
391,-3.812500e+00,-3.750000e+00,
392,-3.812500e+00,-4.125000e+00,
393,-4.125000e+00,-3.687500e+00,
394,-4.062500e+00,-4.125000e+00,
395,-3.812500e+00,-3.687500e+00,
396,-4.000000e+00,-3.750000e+00,
397,-3.812500e+00,-4.000000e+00,
398,-4.000000e+00,-4.062500e+00,
399,-3.750000e+00,-3.687500e+00,
400,-3.750000e+00,-4.062500e+00,
401,-4.062500e+00,-3.625000e+00,
402,-4.000000e+00,-4.000000e+00,
403,-3.687500e+00,-3.562500e+00,
404,-3.687500e+00,-4.000000e+00,
405,-4.000000e+00,-3.562500e+00,
406,-3.687500e+00,-4.000000e+00,
407,-3.937500e+00,-3.500000e+00,
408,-3.875000e+00,-3.937500e+00,
409,-3.625000e+00,-3.500000e+00,
410,-3.625000e+00,-3.937500e+00,
411,-3.937500e+00,-3.500000e+00,
412,-3.875000e+00,-3.812500e+00,
413,-3.562500e+00,-3.500000e+00,
414,-3.875000e+00,-3.875000e+00,
415,-3.562500e+00,-3.437500e+00,
416,-3.562500e+00,-3.875000e+00,
417,-3.812500e+00,-3.437500e+00,
418,-3.562500e+00,-3.875000e+00,
419,-3.812500e+00,-3.375000e+00,
420,-3.812500e+00,-3.812500e+00,
421,-3.500000e+00,-3.375000e+00,
422,-3.500000e+00,-3.812500e+00,
423,-3.750000e+00,-3.312500e+00,
424,-3.750000e+00,-3.750000e+00,
425,-3.437500e+00,-3.312500e+00,
426,-3.687500e+00,-3.750000e+00,
427,-3.437500e+00,-3.250000e+00,
428,-3.687500e+00,-3.687500e+00,
429,-3.375000e+00,-3.312500e+00,
430,-3.625000e+00,-3.625000e+00,
431,-3.375000e+00,-3.250000e+00,
432,-3.375000e+00,-3.312500e+00,
433,-3.625000e+00,-3.562500e+00,
434,-3.375000e+00,-3.625000e+00,
435,-3.562500e+00,-3.250000e+00,
436,-3.375000e+00,-3.562500e+00,
437,-3.562500e+00,-3.250000e+00,
438,-3.312500e+00,-3.500000e+00,
439,-3.562500e+00,-3.250000e+00,
440,-3.500000e+00,-3.437500e+00,
441,-3.312500e+00,-3.187500e+00,
442,-3.437500e+00,-3.250000e+00,
443,-3.312500e+00,-3.437500e+00,
444,-3.437500e+00,-3.500000e+00,
445,-3.250000e+00,-3.062500e+00,
446,-3.250000e+00,-3.375000e+00,
447,-3.437500e+00,-3.125000e+00,
448,-3.250000e+00,-3.312500e+00,
449,-3.375000e+00,-3.187500e+00,
450,-3.375000e+00,-3.312500e+00,
451,-3.187500e+00,-3.125000e+00,
452,-3.312500e+00,-3.312500e+00,
453,-3.125000e+00,-3.062500e+00,
454,-3.312500e+00,-3.250000e+00,
455,-3.125000e+00,-3.125000e+00,
456,-3.125000e+00,-3.250000e+00,
457,-3.312500e+00,-3.000000e+00,
458,-3.250000e+00,-3.250000e+00,
459,-3.062500e+00,-3.000000e+00,
460,-3.250000e+00,-3.187500e+00,
461,-3.062500e+00,-3.000000e+00,
462,-3.062500e+00,-3.187500e+00,
463,-3.250000e+00,-3.000000e+00,
464,-3.187500e+00,-3.125000e+00,
465,-3.000000e+00,-2.937500e+00,
466,-3.187500e+00,-3.125000e+00,
467,-3.000000e+00,-2.937500e+00,
468,-3.125000e+00,-3.125000e+00,
469,-2.937500e+00,-2.875000e+00,
470,-3.125000e+00,-3.062500e+00,
471,-2.937500e+00,-2.875000e+00,
472,-2.937500e+00,-2.875000e+00,
473,-3.125000e+00,-3.062500e+00,
474,-3.062500e+00,-3.062500e+00,
475,-2.875000e+00,-2.812500e+00,
476,-3.062500e+00,-3.000000e+00,
477,-2.875000e+00,-2.812500e+00,
478,-3.062500e+00,-3.000000e+00,
479,-2.812500e+00,-2.750000e+00,
480,-3.000000e+00,-2.937500e+00,
481,-2.812500e+00,-2.750000e+00,
482,-2.937500e+00,-2.937500e+00,
483,-2.812500e+00,-2.750000e+00,
484,-2.937500e+00,-2.937500e+00,
485,-2.750000e+00,-2.687500e+00,
486,-2.937500e+00,-2.875000e+00,
487,-2.750000e+00,-2.625000e+00,
488,-2.875000e+00,-2.875000e+00,
489,-2.750000e+00,-2.687500e+00,
490,-2.875000e+00,-2.875000e+00,
491,-2.687500e+00,-2.625000e+00,
492,-2.812500e+00,-2.812500e+00,
493,-2.687500e+00,-2.625000e+00,
494,-2.812500e+00,-2.750000e+00,
495,-2.687500e+00,-2.625000e+00,
496,-2.812500e+00,-2.812500e+00,
497,-2.625000e+00,-2.562500e+00,
498,-2.750000e+00,-2.750000e+00,
499,-2.562500e+00,-2.500000e+00,
500,-2.750000e+00,-2.687500e+00,
501,-2.562500e+00,-2.562500e+00,
502,-2.562500e+00,-2.687500e+00,
503,-2.750000e+00,-2.500000e+00,
504,-2.687500e+00,-2.687500e+00,
505,-2.500000e+00,-2.437500e+00,
506,-2.687500e+00,-2.625000e+00,
507,-2.500000e+00,-2.500000e+00,
508,-2.625000e+00,-2.625000e+00,
509,-2.500000e+00,-2.375000e+00,
510,-2.500000e+00,-2.562500e+00,
511,-2.625000e+00,-2.375000e+00,
512,-2.437500e+00,-2.375000e+00,
513,-2.625000e+00,-2.625000e+00,
514,-2.562500e+00,-2.562500e+00,
515,-2.375000e+00,-2.312500e+00,
516,-2.562500e+00,-2.500000e+00,
517,-2.375000e+00,-2.375000e+00,
518,-2.375000e+00,-2.500000e+00,
519,-2.562500e+00,-2.312500e+00,
520,-2.500000e+00,-2.500000e+00,
521,-2.312500e+00,-2.250000e+00,
522,-2.500000e+00,-2.437500e+00,
523,-2.312500e+00,-2.250000e+00,
524,-2.437500e+00,-2.437500e+00,
525,-2.312500e+00,-2.250000e+00,
526,-2.437500e+00,-2.375000e+00,
527,-2.250000e+00,-2.187500e+00,
528,-2.375000e+00,-2.375000e+00,
529,-2.250000e+00,-2.187500e+00,
530,-2.375000e+00,-2.375000e+00,
531,-2.187500e+00,-2.125000e+00,
532,-2.375000e+00,-2.312500e+00,
533,-2.187500e+00,-2.125000e+00,
534,-2.312500e+00,-2.312500e+00,
535,-2.187500e+00,-2.125000e+00,
536,-2.312500e+00,-2.312500e+00,
537,-2.125000e+00,-2.062500e+00,
538,-2.125000e+00,-2.250000e+00,
539,-2.312500e+00,-2.062500e+00,
540,-2.250000e+00,-2.187500e+00,
541,-2.125000e+00,-2.062500e+00,
542,-2.062500e+00,-2.250000e+00,
543,-2.250000e+00,-2.000000e+00,
544,-2.187500e+00,-2.187500e+00,
545,-2.062500e+00,-1.937500e+00,
546,-2.187500e+00,-2.125000e+00,
547,-2.000000e+00,-2.000000e+00,
548,-2.000000e+00,-2.125000e+00,
549,-2.187500e+00,-1.937500e+00,
550,-2.125000e+00,-1.937500e+00,
551,-1.937500e+00,-2.125000e+00,
552,-2.125000e+00,-1.937500e+00,
553,-1.937500e+00,-2.062500e+00,
554,-2.062500e+00,-2.062500e+00,
555,-1.937500e+00,-1.875000e+00,
556,-2.062500e+00,-2.000000e+00,
557,-1.875000e+00,-1.875000e+00,
558,-2.062500e+00,-1.875000e+00,
559,-1.875000e+00,-2.000000e+00,
560,-1.875000e+00,-1.812500e+00,
561,-2.000000e+00,-2.000000e+00,
562,-2.000000e+00,-1.937500e+00,
563,-1.812500e+00,-1.812500e+00,
564,-1.937500e+00,-1.937500e+00,
565,-1.812500e+00,-1.750000e+00,
566,-1.937500e+00,-1.875000e+00,
567,-1.750000e+00,-1.750000e+00,
568,-1.875000e+00,-1.875000e+00,
569,-1.750000e+00,-1.687500e+00,
570,-1.875000e+00,-1.875000e+00,
571,-1.750000e+00,-1.687500e+00,
572,-1.875000e+00,-1.812500e+00,
573,-1.687500e+00,-1.687500e+00,
574,-1.812500e+00,-1.687500e+00,
575,-1.687500e+00,-1.812500e+00,
576,-1.812500e+00,-1.750000e+00,
577,-1.687500e+00,-1.625000e+00,
578,-1.812500e+00,-1.750000e+00,
579,-1.625000e+00,-1.625000e+00,
580,-1.750000e+00,-1.750000e+00,
581,-1.625000e+00,-1.562500e+00,
582,-1.750000e+00,-1.687500e+00,
583,-1.562500e+00,-1.562500e+00,
584,-1.687500e+00,-1.562500e+00,
585,-1.562500e+00,-1.687500e+00,
586,-1.687500e+00,-1.625000e+00,
587,-1.562500e+00,-1.500000e+00,
588,-1.625000e+00,-1.625000e+00,
589,-1.500000e+00,-1.500000e+00,
590,-1.625000e+00,-1.625000e+00,
591,-1.500000e+00,-1.437500e+00,
592,-1.625000e+00,-1.437500e+00,
593,-1.437500e+00,-1.562500e+00,
594,-1.562500e+00,-1.562500e+00,
595,-1.437500e+00,-1.375000e+00,
596,-1.437500e+00,-1.375000e+00,
597,-1.562500e+00,-1.562500e+00,
598,-1.375000e+00,-1.375000e+00,
599,-1.562500e+00,-1.500000e+00,
600,-1.500000e+00,-1.500000e+00,
601,-1.375000e+00,-1.312500e+00,
602,-1.500000e+00,-1.437500e+00,
603,-1.312500e+00,-1.312500e+00,
604,-1.437500e+00,-1.437500e+00,
605,-1.312500e+00,-1.250000e+00,
606,-1.312500e+00,-1.375000e+00,
607,-1.437500e+00,-1.250000e+00,
608,-1.375000e+00,-1.375000e+00,
609,-1.250000e+00,-1.187500e+00,
610,-1.375000e+00,-1.375000e+00,
611,-1.250000e+00,-1.187500e+00,
612,-1.375000e+00,-1.312500e+00,
613,-1.187500e+00,-1.187500e+00,
614,-1.312500e+00,-1.312500e+00,
615,-1.187500e+00,-1.125000e+00,
616,-1.187500e+00,-1.250000e+00,
617,-1.312500e+00,-1.125000e+00,
618,-1.125000e+00,-1.250000e+00,
619,-1.312500e+00,-1.125000e+00,
620,-1.250000e+00,-1.250000e+00,
621,-1.125000e+00,-1.062500e+00,
622,-1.250000e+00,-1.187500e+00,
623,-1.062500e+00,-1.062500e+00,
624,-1.187500e+00,-1.062500e+00,
625,-1.062500e+00,-1.187500e+00,
626,-1.187500e+00,-1.187500e+00,
627,-1.062500e+00,-1.000000e+00,
628,-1.125000e+00,-1.125000e+00,
629,-1.000000e+00,-1.000000e+00,
630,-1.125000e+00,-1.125000e+00,
631,-1.000000e+00,-1.000000e+00,
632,-1.125000e+00,-9.375000e-01,
633,-9.375000e-01,-1.125000e+00,
634,-1.062500e+00,-9.375000e-01,
635,-9.375000e-01,-1.062500e+00,
636,-1.062500e+00,-1.062500e+00,
637,-9.375000e-01,-8.750000e-01,
638,-8.750000e-01,-1.187500e+00,
639,-1.125000e+00,-6.250000e-01,
640,-1.000000e+00,-1.000000e+00,
641,-8.750000e-01,-8.125000e-01,
642,-1.000000e+00,-1.062500e+00,
643,-8.125000e-01,-6.875000e-01,
644,-1.000000e+00,-7.500000e-01,
645,-8.125000e-01,-1.000000e+00,
646,-9.375000e-01,-9.375000e-01,
647,-8.125000e-01,-7.500000e-01,
648,-9.375000e-01,-6.875000e-01,
649,-7.500000e-01,-9.375000e-01,
650,-8.750000e-01,-6.875000e-01,
651,-7.500000e-01,-9.375000e-01,
652,-8.750000e-01,-8.750000e-01,
653,-6.875000e-01,-6.250000e-01,
654,-8.750000e-01,-6.250000e-01,
655,-6.875000e-01,-8.750000e-01,
656,-8.125000e-01,-8.750000e-01,
657,-6.250000e-01,-5.625000e-01,
658,-8.125000e-01,-8.750000e-01,
659,-6.250000e-01,-5.000000e-01,
660,-6.250000e-01,-5.625000e-01,
661,-8.125000e-01,-8.125000e-01,
662,-7.500000e-01,-7.500000e-01,
663,-5.625000e-01,-5.625000e-01,
664,-5.625000e-01,-5.625000e-01,
665,-7.500000e-01,-8.125000e-01,
666,-5.625000e-01,-7.500000e-01,
667,-7.500000e-01,-4.375000e-01,
668,-6.875000e-01,-6.875000e-01,
669,-5.000000e-01,-4.375000e-01,
670,-5.000000e-01,-6.875000e-01,
671,-6.875000e-01,-3.750000e-01,
672,-6.250000e-01,-6.250000e-01,
673,-4.375000e-01,-3.750000e-01,
674,-6.250000e-01,-6.250000e-01,
675,-4.375000e-01,-3.125000e-01,
676,-5.625000e-01,-6.250000e-01,
677,-3.750000e-01,-3.125000e-01,
678,-3.750000e-01,-6.875000e-01,
679,-6.250000e-01,-1.875000e-01,
680,-5.625000e-01,-5.625000e-01,
681,-3.750000e-01,-3.125000e-01,
682,-5.000000e-01,-3.125000e-01,
683,-3.125000e-01,-5.625000e-01,
684,-3.125000e-01,-5.625000e-01,
685,-5.625000e-01,-1.875000e-01,
686,-4.375000e-01,-5.000000e-01,
687,-3.125000e-01,-2.500000e-01,
688,-4.375000e-01,-5.000000e-01,
689,-2.500000e-01,-1.250000e-01,
690,-2.500000e-01,-1.250000e-01,
691,-4.375000e-01,-5.000000e-01,
692,-3.750000e-01,-4.375000e-01,
693,-2.500000e-01,-1.250000e-01,
694,-3.750000e-01,-4.375000e-01,
695,-1.875000e-01,-6.250000e-02,
696,-1.875000e-01,-3.750000e-01,
697,-3.750000e-01,-6.250000e-02,
698,-3.125000e-01,-1.250000e-01,
699,-1.250000e-01,-3.750000e-01,
700,-1.250000e-01,-4.375000e-01,
701,-3.750000e-01,0.000000e+00,
702,-2.500000e-01,-6.250000e-02,
703,-1.250000e-01,-3.125000e-01,
704,-6.250000e-02,-3.750000e-01,
705,-3.125000e-01,6.250000e-02,
706,-1.875000e-01,0.000000e+00,
707,-6.250000e-02,-2.500000e-01,
708,-6.250000e-02,-2.500000e-01,
709,-1.875000e-01,6.250000e-02,
710,0.000000e+00,-2.500000e-01,
711,-1.875000e-01,1.250000e-01,
712,-1.250000e-01,-1.875000e-01,
713,6.250000e-02,1.875000e-01,
714,-1.250000e-01,6.250000e-02,
715,6.250000e-02,-1.875000e-01,
716,6.250000e-02,-3.125000e-01,
717,-1.875000e-01,2.500000e-01,
718,-1.250000e-01,-1.250000e-01,
719,1.250000e-01,1.875000e-01,
720,1.250000e-01,-1.250000e-01,
721,-1.250000e-01,3.125000e-01,
722,0.000000e+00,1.875000e-01,
723,1.875000e-01,-6.250000e-02,
724,1.875000e-01,-1.250000e-01,
725,-6.250000e-02,3.125000e-01,
726,1.875000e-01,0.000000e+00,
727,0.000000e+00,2.500000e-01,
728,2.500000e-01,-6.250000e-02,
729,0.000000e+00,3.750000e-01,
730,2.500000e-01,2.500000e-01,
731,6.250000e-02,0.000000e+00,
732,2.500000e-01,6.250000e-02,
733,6.250000e-02,3.750000e-01,
734,1.250000e-01,3.125000e-01,
735,3.125000e-01,6.250000e-02,
736,3.125000e-01,6.250000e-02,
737,1.250000e-01,4.375000e-01,
738,1.250000e-01,1.250000e-01,
739,3.750000e-01,4.375000e-01,
740,1.875000e-01,1.250000e-01,
741,3.750000e-01,4.375000e-01,
742,3.750000e-01,1.250000e-01,
743,1.875000e-01,5.000000e-01,
744,4.375000e-01,1.250000e-01,
745,1.875000e-01,5.625000e-01,
746,4.375000e-01,2.500000e-01,
747,2.500000e-01,5.000000e-01,
748,2.500000e-01,1.875000e-01,
749,5.000000e-01,6.250000e-01,
750,3.125000e-01,2.500000e-01,
751,5.000000e-01,6.250000e-01,
752,3.125000e-01,3.125000e-01,
753,5.000000e-01,5.625000e-01,
754,5.000000e-01,3.125000e-01,
755,3.125000e-01,6.250000e-01,
756,3.750000e-01,3.125000e-01,
757,5.625000e-01,6.250000e-01,
758,5.625000e-01,3.750000e-01,
759,3.750000e-01,6.875000e-01,
760,6.250000e-01,3.125000e-01,
761,3.750000e-01,8.125000e-01,
762,6.250000e-01,4.375000e-01,
763,4.375000e-01,6.875000e-01,
764,6.875000e-01,3.750000e-01,
765,4.375000e-01,8.125000e-01,
766,6.875000e-01,4.375000e-01,
767,4.375000e-01,8.125000e-01,
768,6.875000e-01,5.000000e-01,
769,5.000000e-01,7.500000e-01,
770,5.625000e-01,7.500000e-01,
771,7.500000e-01,5.000000e-01,
772,7.500000e-01,5.000000e-01,
773,5.625000e-01,8.750000e-01,
774,5.625000e-01,5.000000e-01,
775,8.125000e-01,8.750000e-01,
776,8.125000e-01,5.625000e-01,
777,5.625000e-01,9.375000e-01,
778,8.125000e-01,5.625000e-01,
779,6.250000e-01,9.375000e-01,
780,8.750000e-01,6.250000e-01,
781,6.250000e-01,1.000000e+00,
782,6.875000e-01,6.250000e-01,
783,8.750000e-01,1.000000e+00,
784,6.875000e-01,5.625000e-01,
785,9.375000e-01,1.062500e+00,
786,7.500000e-01,9.375000e-01,
787,9.375000e-01,6.875000e-01,
788,9.375000e-01,6.875000e-01,
789,7.500000e-01,1.000000e+00,
790,7.500000e-01,6.875000e-01,
791,1.000000e+00,1.125000e+00,
792,8.125000e-01,7.500000e-01,
793,1.000000e+00,1.062500e+00,
794,1.000000e+00,7.500000e-01,
795,8.125000e-01,1.125000e+00,
796,8.750000e-01,7.500000e-01,
797,1.062500e+00,1.187500e+00,
798,1.062500e+00,8.125000e-01,
799,8.750000e-01,1.187500e+00,
800,1.125000e+00,8.125000e-01,
801,8.750000e-01,1.187500e+00,
802,9.375000e-01,8.750000e-01,
803,1.125000e+00,1.187500e+00,
804,9.375000e-01,8.750000e-01,
805,1.187500e+00,1.250000e+00,
806,1.000000e+00,8.750000e-01,
807,1.250000e+00,1.312500e+00,
808,1.187500e+00,9.375000e-01,
809,1.000000e+00,1.250000e+00,
810,1.000000e+00,8.750000e-01,
811,1.250000e+00,1.312500e+00,
812,1.250000e+00,9.375000e-01,
813,1.000000e+00,1.375000e+00,
814,1.250000e+00,9.375000e-01,
815,1.000000e+00,1.375000e+00,
816,1.312500e+00,1.000000e+00,
817,1.062500e+00,1.437500e+00,
818,1.125000e+00,1.000000e+00,
819,1.375000e+00,1.437500e+00,
820,1.125000e+00,1.062500e+00,
821,1.375000e+00,1.500000e+00,
822,1.375000e+00,1.000000e+00,
823,1.125000e+00,1.500000e+00,
824,1.187500e+00,1.125000e+00,
825,1.437500e+00,1.437500e+00,
826,1.125000e+00,1.062500e+00,
827,1.437500e+00,1.562500e+00,
828,1.437500e+00,1.062500e+00,
829,1.187500e+00,1.562500e+00,
830,1.500000e+00,1.125000e+00,
831,1.187500e+00,1.625000e+00,
832,1.250000e+00,1.125000e+00,
833,1.500000e+00,1.625000e+00,
834,1.500000e+00,1.187500e+00,
835,1.250000e+00,1.625000e+00,
836,1.312500e+00,1.187500e+00,
837,1.562500e+00,1.687500e+00,
838,1.312500e+00,1.250000e+00,
839,1.625000e+00,1.687500e+00,
840,1.375000e+00,1.250000e+00,
841,1.625000e+00,1.750000e+00,
842,1.375000e+00,1.687500e+00,
843,1.625000e+00,1.312500e+00,
844,1.375000e+00,1.312500e+00,
845,1.625000e+00,1.750000e+00,
846,1.437500e+00,1.312500e+00,
847,1.687500e+00,1.812500e+00,
848,1.687500e+00,1.375000e+00,
849,1.437500e+00,1.812500e+00,
850,1.687500e+00,1.375000e+00,
851,1.437500e+00,1.812500e+00,
852,1.750000e+00,1.812500e+00,
853,1.437500e+00,1.375000e+00,
854,1.750000e+00,1.375000e+00,
855,1.500000e+00,1.875000e+00,
856,1.562500e+00,1.375000e+00,
857,1.812500e+00,1.875000e+00,
858,1.812500e+00,1.437500e+00,
859,1.562500e+00,1.875000e+00,
860,1.625000e+00,1.500000e+00,
861,1.812500e+00,1.875000e+00,
862,1.625000e+00,1.437500e+00,
863,1.875000e+00,1.937500e+00,
864,1.875000e+00,1.500000e+00,
865,1.625000e+00,1.937500e+00,
866,1.875000e+00,1.437500e+00,
867,1.625000e+00,2.000000e+00,
868,1.687500e+00,1.437500e+00,
869,1.937500e+00,1.937500e+00,
870,1.687500e+00,1.437500e+00,
871,1.937500e+00,1.937500e+00,
872,1.937500e+00,1.500000e+00,
873,1.687500e+00,2.000000e+00,
874,1.750000e+00,1.437500e+00,
875,2.000000e+00,2.000000e+00,
876,2.000000e+00,1.500000e+00,
877,1.750000e+00,2.000000e+00,
878,1.812500e+00,1.562500e+00,
879,2.000000e+00,1.875000e+00,
880,1.750000e+00,1.500000e+00,
881,2.062500e+00,2.000000e+00,
882,1.812500e+00,1.500000e+00,
883,2.062500e+00,2.000000e+00,
884,1.875000e+00,1.500000e+00,
885,2.062500e+00,2.062500e+00,
886,1.875000e+00,1.500000e+00,
887,2.125000e+00,2.000000e+00,
888,2.125000e+00,1.500000e+00,
889,1.875000e+00,2.000000e+00,
890,1.875000e+00,1.500000e+00,
891,2.187500e+00,2.062500e+00,
892,2.187500e+00,1.500000e+00,
893,1.875000e+00,2.062500e+00,
894,2.187500e+00,2.000000e+00,
895,1.937500e+00,1.500000e+00,
896,2.187500e+00,1.562500e+00,
897,2.000000e+00,1.937500e+00,
898,1.937500e+00,1.437500e+00,
899,2.250000e+00,2.062500e+00,
900,2.000000e+00,1.500000e+00,
901,2.312500e+00,2.062500e+00,
902,2.312500e+00,1.500000e+00,
903,2.000000e+00,2.062500e+00,
904,2.062500e+00,1.562500e+00,
905,2.312500e+00,2.000000e+00,
906,2.312500e+00,1.500000e+00,
907,2.062500e+00,2.062500e+00,
908,2.375000e+00,1.500000e+00,
909,2.062500e+00,2.062500e+00,
910,2.125000e+00,1.562500e+00,
911,2.375000e+00,2.062500e+00,
912,2.187500e+00,1.625000e+00,
913,2.375000e+00,1.937500e+00,
914,2.125000e+00,1.500000e+00,
915,2.437500e+00,2.062500e+00,
916,2.187500e+00,1.500000e+00,
917,2.437500e+00,2.062500e+00,
918,2.437500e+00,1.500000e+00,
919,2.187500e+00,2.062500e+00,
920,2.500000e+00,1.562500e+00,
921,2.187500e+00,2.062500e+00,
922,2.250000e+00,1.562500e+00,
923,2.500000e+00,2.062500e+00,
924,2.500000e+00,1.562500e+00,
925,2.250000e+00,2.062500e+00,
926,2.312500e+00,1.937500e+00,
927,2.562500e+00,1.562500e+00,
928,2.312500e+00,1.562500e+00,
929,2.562500e+00,2.000000e+00,
930,2.375000e+00,1.562500e+00,
931,2.562500e+00,2.062500e+00,
932,2.625000e+00,1.937500e+00,
933,2.375000e+00,1.625000e+00,
934,2.437500e+00,1.625000e+00,
935,2.625000e+00,1.937500e+00,
936,2.625000e+00,1.562500e+00,
937,2.437500e+00,2.062500e+00,
938,2.625000e+00,1.562500e+00,
939,2.437500e+00,2.062500e+00,
940,2.500000e+00,1.625000e+00,
941,2.687500e+00,2.000000e+00,
942,2.687500e+00,1.562500e+00,
943,2.500000e+00,2.062500e+00,
944,2.687500e+00,1.562500e+00,
945,2.500000e+00,2.062500e+00,
946,2.750000e+00,1.562500e+00,
947,2.500000e+00,2.062500e+00,
948,2.750000e+00,1.937500e+00,
949,2.562500e+00,1.625000e+00,
950,2.750000e+00,1.625000e+00,
951,2.562500e+00,1.937500e+00,
952,2.562500e+00,1.625000e+00,
953,2.812500e+00,2.062500e+00,
954,2.625000e+00,1.625000e+00,
955,2.812500e+00,2.062500e+00,
956,2.812500e+00,1.625000e+00,
957,2.625000e+00,2.000000e+00,
958,2.875000e+00,1.625000e+00,
959,2.625000e+00,2.062500e+00,
960,2.687500e+00,1.625000e+00,
961,2.875000e+00,2.062500e+00,
962,2.687500e+00,1.562500e+00,
963,2.937500e+00,2.062500e+00,
964,2.750000e+00,1.937500e+00,
965,2.937500e+00,1.625000e+00,
966,2.750000e+00,1.625000e+00,
967,2.937500e+00,2.062500e+00,
968,2.750000e+00,1.625000e+00,
969,3.000000e+00,2.000000e+00,
970,3.000000e+00,1.625000e+00,
971,2.750000e+00,2.062500e+00,
972,2.812500e+00,1.625000e+00,
973,3.000000e+00,2.062500e+00,
974,3.000000e+00,1.625000e+00,
975,2.812500e+00,2.062500e+00,
976,2.875000e+00,1.625000e+00,
977,3.062500e+00,2.062500e+00,
978,2.875000e+00,1.625000e+00,
979,3.062500e+00,2.062500e+00,
980,3.125000e+00,1.625000e+00,
981,2.875000e+00,2.062500e+00,
982,3.125000e+00,1.625000e+00,
983,2.875000e+00,2.062500e+00,
984,3.125000e+00,1.625000e+00,
985,2.937500e+00,2.000000e+00,
986,3.000000e+00,1.937500e+00,
987,3.125000e+00,1.625000e+00,
988,3.187500e+00,1.625000e+00,
989,2.937500e+00,2.125000e+00,
990,3.000000e+00,1.687500e+00,
991,3.187500e+00,1.937500e+00,
992,3.250000e+00,1.625000e+00,
993,3.000000e+00,2.062500e+00,
994,3.062500e+00,1.625000e+00,
995,3.250000e+00,2.125000e+00,
996,3.250000e+00,1.625000e+00,
997,3.062500e+00,2.062500e+00,
998,3.312500e+00,2.062500e+00,
999,3.062500e+00,1.562500e+00,
1000,3.125000e+00,1.625000e+00,
1001,3.312500e+00,2.000000e+00,
1002,3.312500e+00,1.625000e+00,
1003,3.125000e+00,1.937500e+00,
1004,3.125000e+00,1.625000e+00,
1005,3.375000e+00,2.125000e+00,
1006,3.187500e+00,1.937500e+00,
1007,3.375000e+00,1.625000e+00,
1008,3.375000e+00,1.625000e+00,
1009,3.187500e+00,2.125000e+00,
1010,3.437500e+00,1.625000e+00,
1011,3.187500e+00,2.125000e+00,
1012,3.437500e+00,1.625000e+00,
1013,3.187500e+00,2.062500e+00,
1014,3.437500e+00,1.625000e+00,
1015,3.250000e+00,2.062500e+00,
1016,3.500000e+00,1.625000e+00,
1017,3.250000e+00,2.062500e+00,
1018,3.500000e+00,1.562500e+00,
1019,3.250000e+00,2.125000e+00,
1020,3.312500e+00,1.625000e+00,
1021,3.500000e+00,1.937500e+00,
1022,3.375000e+00,1.937500e+00,
1023,3.500000e+00,1.687500e+00,
1024,3.562500e+00,1.625000e+00,
1025,3.312500e+00,2.125000e+00,
1026,3.562500e+00,1.937500e+00,
1027,3.375000e+00,1.687500e+00,
1028,3.625000e+00,1.625000e+00,
1029,3.375000e+00,2.062500e+00,
1030,3.625000e+00,1.625000e+00,
1031,3.375000e+00,2.062500e+00,
1032,3.625000e+00,1.687500e+00,
1033,3.437500e+00,2.062500e+00,
1034,3.687500e+00,1.625000e+00,
1035,3.437500e+00,2.062500e+00,
1036,3.500000e+00,1.625000e+00,
1037,3.687500e+00,2.062500e+00,
1038,3.687500e+00,1.937500e+00,
1039,3.500000e+00,1.687500e+00,
1040,3.500000e+00,1.625000e+00,
1041,3.750000e+00,2.125000e+00,
1042,3.562500e+00,1.937500e+00,
1043,3.750000e+00,1.687500e+00,
1044,3.562500e+00,1.625000e+00,
1045,3.812500e+00,2.125000e+00,
1046,3.562500e+00,1.625000e+00,
1047,3.812500e+00,2.125000e+00,
1048,3.625000e+00,1.687500e+00,
1049,3.812500e+00,2.062500e+00,
1050,3.625000e+00,1.687500e+00,
1051,3.875000e+00,2.062500e+00,
1052,3.687500e+00,1.687500e+00,
1053,3.875000e+00,2.062500e+00,
1054,3.687500e+00,1.937500e+00,
1055,3.875000e+00,1.687500e+00,
1056,3.687500e+00,1.687500e+00,
1057,3.937500e+00,2.062500e+00,
1058,3.750000e+00,2.000000e+00,
1059,3.937500e+00,1.625000e+00,
1060,3.937500e+00,1.625000e+00,
1061,3.687500e+00,2.125000e+00,
1062,3.812500e+00,1.937500e+00,
1063,4.000000e+00,1.687500e+00,
1064,4.000000e+00,1.625000e+00,
1065,3.750000e+00,2.125000e+00,
1066,3.812500e+00,1.687500e+00,
1067,4.000000e+00,2.062500e+00,
1068,4.000000e+00,1.625000e+00,
1069,3.812500e+00,2.000000e+00,
1070,3.875000e+00,1.687500e+00,
1071,4.062500e+00,2.062500e+00,
1072,4.062500e+00,1.937500e+00,
1073,3.875000e+00,1.687500e+00,
1074,4.062500e+00,1.687500e+00,
1075,3.875000e+00,2.000000e+00,
1076,3.937500e+00,1.625000e+00,
1077,4.125000e+00,2.000000e+00,
1078,3.937500e+00,1.937500e+00,
1079,4.125000e+00,1.687500e+00,
1080,3.937500e+00,1.625000e+00,
1081,4.187500e+00,2.125000e+00,
1082,4.000000e+00,1.937500e+00,
1083,4.187500e+00,1.687500e+00,
1084,4.000000e+00,1.625000e+00,
1085,4.187500e+00,2.125000e+00,
1086,4.187500e+00,1.687500e+00,
1087,4.000000e+00,2.000000e+00,
1088,4.187500e+00,1.937500e+00,
1089,4.062500e+00,1.687500e+00,
1090,4.062500e+00,1.750000e+00,
1091,4.250000e+00,1.937500e+00,
1092,4.125000e+00,1.687500e+00,
1093,4.250000e+00,2.000000e+00,
1094,4.250000e+00,1.750000e+00,
1095,4.125000e+00,2.000000e+00,
1096,4.125000e+00,1.687500e+00,
1097,4.312500e+00,2.000000e+00,
1098,4.187500e+00,1.937500e+00,
1099,4.312500e+00,1.750000e+00,
1100,4.187500e+00,1.625000e+00,
1101,4.375000e+00,2.062500e+00,
1102,4.187500e+00,1.937500e+00,
1103,4.375000e+00,1.687500e+00,
1104,4.375000e+00,1.687500e+00,
1105,4.187500e+00,2.062500e+00,
1106,4.250000e+00,1.937500e+00,
1107,4.375000e+00,1.750000e+00,
1108,4.250000e+00,1.937500e+00,
1109,4.437500e+00,1.750000e+00,
1110,4.437500e+00,1.750000e+00,
1111,4.250000e+00,1.937500e+00,
1112,4.312500e+00,1.687500e+00,
1113,4.500000e+00,2.000000e+00,
1114,4.312500e+00,2.000000e+00,
1115,4.500000e+00,1.687500e+00,
1116,4.500000e+00,1.687500e+00,
1117,4.312500e+00,2.125000e+00,
1118,4.375000e+00,1.687500e+00,
1119,4.562500e+00,2.000000e+00,
1120,4.375000e+00,1.687500e+00,
1121,4.562500e+00,2.125000e+00,
1122,4.625000e+00,2.000000e+00,
1123,4.375000e+00,1.687500e+00,
1124,4.437500e+00,2.000000e+00,
1125,4.625000e+00,1.687500e+00,
1126,4.625000e+00,2.000000e+00,
1127,4.437500e+00,1.687500e+00,
1128,4.437500e+00,1.687500e+00,
1129,4.687500e+00,2.000000e+00,
1130,4.500000e+00,1.750000e+00,
1131,4.687500e+00,2.000000e+00,
1132,4.500000e+00,2.000000e+00,
1133,4.687500e+00,1.687500e+00,
1134,4.687500e+00,2.062500e+00,
1135,-5.187500e+00,-5.125000e+00,
1136,-4.937500e+00,-4.875000e+00,
1137,-5.125000e+00,-5.125000e+00,
1138,-5.062500e+00,-5.062500e+00,
1139,-4.875000e+00,-4.875000e+00,
1140,-5.062500e+00,-5.125000e+00,
1141,-4.812500e+00,-4.750000e+00,
1142,-5.000000e+00,-5.000000e+00,
1143,-4.812500e+00,-4.812500e+00,
1144,-5.000000e+00,-4.750000e+00,
1145,-4.812500e+00,-5.000000e+00,
1146,-5.000000e+00,-5.000000e+00,
1147,-4.750000e+00,-4.687500e+00,
1148,-4.937500e+00,-4.937500e+00,
1149,-4.750000e+00,-4.687500e+00,
1150,-4.937500e+00,-4.687500e+00,
1151,-4.687500e+00,-4.937500e+00,
1152,-4.875000e+00,-4.875000e+00,
1153,-4.687500e+00,-4.625000e+00,
1154,-4.875000e+00,-4.875000e+00,
1155,-4.687500e+00,-4.625000e+00,
1156,-4.687500e+00,-4.875000e+00,
1157,-4.875000e+00,-4.625000e+00,
1158,-4.812500e+00,-4.812500e+00,
1159,-4.625000e+00,-4.562500e+00,
1160,-4.812500e+00,-4.812500e+00,
1161,-4.625000e+00,-4.562500e+00,
1162,-4.812500e+00,-4.875000e+00,
1163,-4.562500e+00,-4.500000e+00,
1164,-4.750000e+00,-4.750000e+00,
1165,-4.562500e+00,-4.500000e+00,
1166,-4.750000e+00,-4.750000e+00,
1167,-4.562500e+00,-4.500000e+00,
1168,-4.750000e+00,-4.687500e+00,
1169,-4.500000e+00,-4.437500e+00,
1170,-4.687500e+00,-4.687500e+00,
1171,-4.500000e+00,-4.437500e+00,
1172,-4.500000e+00,-4.687500e+00,
1173,-4.687500e+00,-4.437500e+00,
1174,-4.625000e+00,-4.625000e+00,
1175,-4.437500e+00,-4.375000e+00,
1176,-4.625000e+00,-4.375000e+00,
1177,-4.437500e+00,-4.625000e+00,
1178,-4.625000e+00,-4.625000e+00,
1179,-4.437500e+00,-4.375000e+00,
1180,-4.562500e+00,-4.625000e+00,
1181,-4.312500e+00,-4.187500e+00,
1182,-4.375000e+00,-4.625000e+00,
1183,-4.625000e+00,-4.250000e+00,
1184,-4.562500e+00,-4.500000e+00,
1185,-4.312500e+00,-4.250000e+00,
1186,-4.312500e+00,-4.562500e+00,
1187,-4.562500e+00,-4.187500e+00,
1188,-4.312500e+00,-4.500000e+00,
1189,-4.500000e+00,-4.250000e+00,
1190,-4.437500e+00,-4.437500e+00,
1191,-4.250000e+00,-4.187500e+00,
1192,-4.437500e+00,-4.187500e+00,
1193,-4.187500e+00,-4.437500e+00,
1194,-4.437500e+00,-4.375000e+00,
1195,-4.187500e+00,-4.125000e+00,
1196,-4.375000e+00,-4.375000e+00,
1197,-4.187500e+00,-4.125000e+00,
1198,-4.375000e+00,-4.375000e+00,
1199,-4.125000e+00,-4.125000e+00,
1200,-4.125000e+00,-4.125000e+00,
1201,-4.375000e+00,-4.375000e+00,
1202,-4.125000e+00,-4.375000e+00,
1203,-4.375000e+00,-4.000000e+00,
1204,-4.312500e+00,-4.062500e+00,
1205,-4.062500e+00,-4.312500e+00,
1206,-4.062500e+00,-4.312500e+00,
1207,-4.312500e+00,-3.937500e+00,
1208,-4.250000e+00,-4.250000e+00,
1209,-4.000000e+00,-4.000000e+00,
1210,-4.187500e+00,-4.187500e+00,
1211,-4.062500e+00,-4.000000e+00,
1212,-4.187500e+00,-3.937500e+00,
1213,-4.000000e+00,-4.187500e+00,
1214,-4.187500e+00,-4.125000e+00,
1215,-3.937500e+00,-3.937500e+00,
1216,-4.125000e+00,-4.125000e+00,
1217,-3.937500e+00,-3.937500e+00,
1218,-4.125000e+00,-4.125000e+00,
1219,-3.937500e+00,-3.875000e+00,
1220,-4.125000e+00,-4.125000e+00,
1221,-3.875000e+00,-3.812500e+00,
1222,-4.062500e+00,-4.062500e+00,
1223,-3.875000e+00,-3.812500e+00,
1224,-3.875000e+00,-4.062500e+00,
1225,-4.125000e+00,-3.812500e+00,
1226,-4.062500e+00,-4.000000e+00,
1227,-3.812500e+00,-3.750000e+00,
1228,-4.000000e+00,-3.750000e+00,
1229,-3.812500e+00,-4.000000e+00,
1230,-4.000000e+00,-4.000000e+00,
1231,-3.812500e+00,-3.750000e+00,
1232,-4.000000e+00,-3.937500e+00,
1233,-3.750000e+00,-3.687500e+00,
1234,-3.937500e+00,-3.937500e+00,
1235,-3.750000e+00,-3.687500e+00,
1236,-3.937500e+00,-3.625000e+00,
1237,-3.750000e+00,-3.937500e+00,
1238,-3.937500e+00,-3.875000e+00,
1239,-3.687500e+00,-3.625000e+00,
1240,-3.875000e+00,-3.875000e+00,
1241,-3.687500e+00,-3.625000e+00,
1242,-3.875000e+00,-3.875000e+00,
1243,-3.625000e+00,-3.562500e+00,
1244,-3.812500e+00,-3.812500e+00,
1245,-3.625000e+00,-3.562500e+00,
1246,-3.625000e+00,-3.875000e+00,
1247,-3.875000e+00,-3.437500e+00,
1248,-3.625000e+00,-3.750000e+00,
1249,-3.812500e+00,-3.500000e+00,
1250,-3.750000e+00,-3.750000e+00,
1251,-3.562500e+00,-3.437500e+00,
1252,-3.750000e+00,-3.500000e+00,
1253,-3.562500e+00,-3.750000e+00,
1254,-3.750000e+00,-3.687500e+00,
1255,-3.500000e+00,-3.437500e+00,
1256,-3.687500e+00,-3.625000e+00,
1257,-3.500000e+00,-3.437500e+00,
1258,-3.500000e+00,-3.625000e+00,
1259,-3.687500e+00,-3.437500e+00,
1260,-3.625000e+00,-3.625000e+00,
1261,-3.437500e+00,-3.375000e+00,
1262,-3.625000e+00,-3.625000e+00,
1263,-3.437500e+00,-3.312500e+00,
1264,-3.562500e+00,-3.562500e+00,
1265,-3.375000e+00,-3.312500e+00,
1266,-3.562500e+00,-3.562500e+00,
1267,-3.312500e+00,-3.312500e+00,
1268,-3.500000e+00,-3.500000e+00,
1269,-3.375000e+00,-3.312500e+00,
1270,-3.500000e+00,-3.500000e+00,
1271,-3.312500e+00,-3.250000e+00,
1272,-3.500000e+00,-3.437500e+00,
1273,-3.312500e+00,-3.250000e+00,
1274,-3.312500e+00,-3.437500e+00,
1275,-3.437500e+00,-3.250000e+00,
1276,-3.437500e+00,-3.437500e+00,
1277,-3.250000e+00,-3.125000e+00,
1278,-3.375000e+00,-3.375000e+00,
1279,-3.250000e+00,-3.125000e+00,
1280,-3.375000e+00,-3.187500e+00,
1281,-3.187500e+00,-3.375000e+00,
1282,-3.375000e+00,-3.375000e+00,
1283,-3.187500e+00,-3.125000e+00,
1284,-3.375000e+00,-3.375000e+00,
1285,-3.125000e+00,-3.062500e+00,
1286,-3.375000e+00,-3.375000e+00,
1287,-3.125000e+00,-3.000000e+00,
1288,-3.312500e+00,-3.312500e+00,
1289,-3.125000e+00,-3.000000e+00,
1290,-3.312500e+00,-3.312500e+00,
1291,-3.062500e+00,-3.000000e+00,
1292,-3.062500e+00,-3.312500e+00,
1293,-3.312500e+00,-2.937500e+00,
1294,-3.062500e+00,-3.250000e+00,
1295,-3.312500e+00,-2.937500e+00,
1296,-3.187500e+00,-2.937500e+00,
1297,-3.000000e+00,-3.187500e+00,
1298,-3.187500e+00,-3.187500e+00,
1299,-3.000000e+00,-2.875000e+00,
1300,-3.187500e+00,-2.875000e+00,
1301,-2.937500e+00,-3.187500e+00,
1302,-3.187500e+00,-2.875000e+00,
1303,-2.937500e+00,-3.250000e+00,
1304,-3.125000e+00,-2.812500e+00,
1305,-2.875000e+00,-3.187500e+00,
1306,-3.125000e+00,-3.187500e+00,
1307,-2.875000e+00,-2.750000e+00,
1308,-3.062500e+00,-3.062500e+00,
1309,-2.875000e+00,-2.812500e+00,
1310,-3.125000e+00,-3.125000e+00,
1311,-2.812500e+00,-2.687500e+00,
1312,-3.062500e+00,-3.125000e+00,
1313,-2.812500e+00,-2.687500e+00,
1314,-2.812500e+00,-3.062500e+00,
1315,-3.062500e+00,-2.625000e+00,
1316,-3.000000e+00,-3.062500e+00,
1317,-2.750000e+00,-2.625000e+00,
1318,-2.750000e+00,-3.000000e+00,
1319,-3.000000e+00,-2.625000e+00,
1320,-3.000000e+00,-3.000000e+00,
1321,-2.687500e+00,-2.562500e+00,
1322,-2.687500e+00,-3.000000e+00,
1323,-2.937500e+00,-2.500000e+00,
1324,-2.875000e+00,-2.937500e+00,
1325,-2.687500e+00,-2.500000e+00,
1326,-2.875000e+00,-2.875000e+00,
1327,-2.625000e+00,-2.562500e+00,
1328,-2.625000e+00,-2.937500e+00,
1329,-2.875000e+00,-2.500000e+00,
1330,-2.812500e+00,-2.812500e+00,
1331,-2.562500e+00,-2.437500e+00,
1332,-2.562500e+00,-2.875000e+00,
1333,-2.812500e+00,-2.437500e+00,
1334,-2.562500e+00,-2.875000e+00,
1335,-2.812500e+00,-2.437500e+00,
1336,-2.750000e+00,-2.812500e+00,
1337,-2.500000e+00,-2.375000e+00,
1338,-2.750000e+00,-2.750000e+00,
1339,-2.500000e+00,-2.375000e+00,
1340,-2.687500e+00,-2.375000e+00,
1341,-2.500000e+00,-2.750000e+00,
1342,-2.437500e+00,-2.750000e+00,
1343,-2.687500e+00,-2.312500e+00,
1344,-2.625000e+00,-2.625000e+00,
1345,-2.437500e+00,-2.375000e+00,
1346,-2.687500e+00,-2.687500e+00,
1347,-2.375000e+00,-2.312500e+00,
1348,-2.625000e+00,-2.687500e+00,
1349,-2.375000e+00,-2.250000e+00,
1350,-2.562500e+00,-2.625000e+00,
1351,-2.375000e+00,-2.187500e+00,
1352,-2.562500e+00,-2.625000e+00,
1353,-2.312500e+00,-2.187500e+00,
1354,-2.312500e+00,-2.625000e+00,
1355,-2.562500e+00,-2.125000e+00,
1356,-2.250000e+00,-2.562500e+00,
1357,-2.562500e+00,-2.125000e+00,
1358,-2.250000e+00,-2.562500e+00,
1359,-2.500000e+00,-2.125000e+00,
1360,-2.437500e+00,-2.500000e+00,
1361,-2.250000e+00,-2.062500e+00,
1362,-2.437500e+00,-2.437500e+00,
1363,-2.187500e+00,-2.125000e+00,
1364,-2.187500e+00,-2.500000e+00,
1365,-2.437500e+00,-2.000000e+00,
1366,-2.375000e+00,-2.437500e+00,
1367,-2.125000e+00,-2.000000e+00,
1368,-2.125000e+00,-2.437500e+00,
1369,-2.375000e+00,-2.000000e+00,
1370,-2.125000e+00,-2.437500e+00,
1371,-2.375000e+00,-1.937500e+00,
1372,-2.312500e+00,-2.375000e+00,
1373,-2.062500e+00,-1.937500e+00,
1374,-2.250000e+00,-2.375000e+00,
1375,-2.062500e+00,-1.937500e+00,
1376,-2.000000e+00,-2.375000e+00,
1377,-2.312500e+00,-1.875000e+00,
1378,-2.250000e+00,-2.312500e+00,
1379,-2.000000e+00,-1.875000e+00,
1380,-1.937500e+00,-2.250000e+00,
1381,-2.250000e+00,-1.812500e+00,
1382,-2.187500e+00,-2.187500e+00,
1383,-1.937500e+00,-1.875000e+00,
1384,-1.937500e+00,-2.250000e+00,
1385,-2.187500e+00,-1.812500e+00,
1386,-1.937500e+00,-2.250000e+00,
1387,-2.125000e+00,-1.750000e+00,
1388,-2.125000e+00,-2.187500e+00,
1389,-1.875000e+00,-1.750000e+00,
1390,-1.875000e+00,-2.187500e+00,
1391,-2.125000e+00,-1.750000e+00,
1392,-2.125000e+00,-2.125000e+00,
1393,-1.812500e+00,-1.687500e+00,
1394,-1.812500e+00,-1.687500e+00,
1395,-2.062500e+00,-2.125000e+00,
1396,-2.000000e+00,-2.062500e+00,
1397,-1.750000e+00,-1.625000e+00,
1398,-2.000000e+00,-2.000000e+00,
1399,-1.750000e+00,-1.625000e+00,
